Bus,busmap
CZ10-400,CZ0 0
CZ12-400,CZ0 0
CZ13-400,CZ0 0
CZ2-400,CZ0 0
CZ4-220,CZ0 0
CZ5-400,CZ0 0
CZ6-400,CZ0 0
CZ9-400,CZ0 0
DE10-380,DE0 0
DE100-380,DE0 0
DE102-380,DE0 0
DE104-380,DE0 0
DE105-220,DE0 0
DE106-220,DE0 0
DE107-380,DE0 0
DE11-380,DE0 0
DE110-220,DE0 0
DE111-380,DE0 0
DE114-220,DE0 0
DE115-380,DE0 0
DE119-220,DE0 0
DE12-380,DE0 1
DE120-380,DE0 2
DE122-380,DE0 0
DE123-220,DE0 0
DE125-380,DE0 0
DE126-380,DE0 0
DE127-220,DE0 0
DE128-380,DE0 0
DE13-380,DE0 0
DE130-220,DE0 0
DE132-220,DE0 0
DE133-220,DE0 0
DE135-380,DE0 3
DE136-220,DE0 0
DE137-380,DE0 0
DE138-380,DE0 0
DE139-380,DE0 0
DE14-380,DE0 0
DE140-380,DE0 0
DE141-380,DE0 0
DE145-380,DE0 0
DE146-220,DE0 0
DE148-380,DE0 0
DE149-380,DE0 0
DE15-220,DE0 0
DE151-380,DE0 0
DE153-380,DE0 0
DE154-380,DE0 0
DE155-380,DE0 0
DE156-380,DE0 0
DE157-380,DE0 0
DE158-380,DE0 0
DE159-380,DE0 0
DE16-220,DE0 4
DE160-380,DE0 0
DE162-380,DE0 0
DE163-380,DE0 0
DE164-220,DE0 0
DE166-380,DE0 0
DE169-380,DE0 0
DE17-380,DE0 0
DE170-220,DE0 0
DE171-380,DE0 0
DE173-380,DE0 0
DE174-220,DE0 0
DE175-220,DE0 0
DE176-220,DE0 0
DE177-220,DE0 0
DE178-220,DE0 0
DE179-380,DE0 0
DE18-380,DE0 5
DE180-220,DE0 0
DE181-220,DE0 0
DE182-380,DE0 0
DE183-380,DE0 0
DE184-220,DE0 0
DE185-380,DE0 0
DE186-380,DE0 0
DE187-380,DE0 0
DE188-380,DE0 0
DE189-380,DE0 0
DE19-380,DE0 6
DE190-380,DE0 0
DE191-380,DE0 0
DE192-380,DE0 0
DE193-380,DE0 0
DE194-380,DE0 0
DE195-220,DE0 0
DE196-380,DE0 0
DE197-380,DE0 0
DE198-380,DE0 0
DE199-380,DE0 0
DE200-380,DE0 0
DE202-220,DE0 0
DE203-380,DE0 0
DE204-220,DE0 0
DE205-220,DE0 0
DE206-380,DE0 0
DE207-220,DE0 0
DE21-220,DE0 7
DE212-220,DE0 0
DE213-220,DE0 0
DE22-380,DE0 8
DE23-380,DE0 9
DE24-380,DE0 10
DE25-380,DE0 11
DE26-380,DE0 12
DE27-380,DE0 13
DE28-380,DE0 0
DE29-220,DE0 14
DE30-380,DE0 0
DE31-380,DE0 0
DE33-380,DE0 0
DE34-380,DE0 0
DE36-220,DE0 0
DE37-220,DE0 0
DE39-220,DE0 0
DE4-220,DE0 0
DE40-220,DE0 0
DE41-380,DE0 0
DE43-220,DE0 0
DE45-380,DE0 0
DE46-380,DE0 15
DE49-380,DE0 0
DE50-380,DE0 0
DE51-220,DE0 0
DE53-380,DE0 0
DE56-380,DE0 0
DE57-380,DE0 0
DE6-380,DE0 0
DE61-380,DE0 0
DE64-220,DE0 0
DE65-380,DE0 0
DE66-380,DE0 0
DE68-380,DE0 0
DE69-380,DE0 0
DE7-220,DE0 0
DE70-380,DE0 0
DE72-220,DE0 0
DE73-380,DE0 0
DE74-380,DE0 0
DE75-380,DE0 0
DE76-380,DE0 0
DE77-380,DE0 0
DE78-220,DE0 0
DE79-220,DE0 0
DE8-380,DE0 0
DE80-380,DE0 0
DE81-220,DE0 0
DE82-220,DE0 0
DE84-220,DE0 0
DE85-380,DE0 0
DE86-220,DE0 0
DE87-380,DE0 0
DE88-380,DE0 0
DE89-380,DE0 0
DE9-380,DE0 16
DE91-380,DE0 0
DE93-220,DE0 0
DE94-380,DE0 0
DE95-380,DE0 0
DE96-380,DE0 0
DE97-220,DE0 0
DE98-220,DE0 0
DK10-400,DK0 0
DK11-400,DK0 0
DK13-220,DK0 0
DK15-380,DK0 0
DK16-400,DK0 0
DK4-400,DK0 0
DK5-400,DK0 0
DK8-400,DK0 0
DK9-400,DK0 0
PL10-400,PL0 0
PL13-400,PL0 0
PL14-400,PL0 0
PL15-400,PL0 0
PL16-400,PL0 0
PL17-400,PL0 0
PL18-400,PL0 0
PL20-220,PL0 0
PL21-220,PL0 0
PL22-220,PL0 0
PL23-400,PL0 0
PL24-220,PL0 0
PL25-400,PL0 0
PL26-400,PL0 0
PL27-400,PL0 0
PL28-400,PL0 0
PL29-400,PL0 0
PL31-400,PL0 0
PL32-220,PL0 0
PL33-220,PL0 0
PL34-400,PL0 0
PL35-220,PL0 0
PL36-400,PL0 0
PL38-400,PL0 0
PL4-220,PL0 0
PL41-400,PL0 0
PL42-220,PL0 0
PL43-220,PL0 0
PL44-220,PL0 0
PL45-220,PL0 0
PL46-220,PL0 0
PL47-220,PL0 0
PL48-220,PL0 0
PL5-220,PL0 0
PL50-220,PL0 0
PL51-400,PL0 0
PL52-400,PL0 0
PL53-400,PL0 0
PL54-220,PL0 0
PL56-220,PL0 0
PL57-220,PL0 0
PL58-220,PL0 0
PL59-220,PL0 0
PL63-400,PL0 0
PL7-400,PL0 0
PL8-220,PL0 0
SE57-220,DK0 0
relation/17591073-220,DE0 0
relation/9399771-220,PL0 0
way/101914781-400,PL0 0
way/101915790-220,PL0 0
way/101982559-220,PL0 0
way/102165724-220,PL0 0
way/1022342082-400,PL0 0
way/1024536785-380,DE0 0
way/102743264-220,DE0 0
way/1040551074-220,DE0 0
way/106096507-380,DE0 0
way/1068350839-380,DE0 17
way/1071504343-380,DE0 0
way/1072574879-380,DE0 0
way/1076001174-380,DE0 0
way/1086825107-380,DE0 18
way/108797675-380,DE0 0
way/1089568373-380,DE0 0
way/1089769599-380,DE0 0
way/1089911133-380,DE0 0
way/1091984573-380,DE0 0
way/1093896544-380,DE0 0
way/1094015892-380,DE0 19
way/109917397-380,DE0 20
way/1102237380-380,DE0 0
way/111615226-400,PL0 0
way/112614319-400,PL0 0
way/1128250707-380,DE0 0
way/11285720-380,DE0 21
way/113546939-380,DE0 0
way/114319248-380,DE0 0
way/11500045-380,DE0 22
way/115801644-220,PL0 0
way/121199242-380,DE0 0
way/121656686-400,PL0 0
way/1222597065-380,DE0 23
way/1223405794-380,DE0 0
way/1245826064-380,DE0 0
way/1271587268-400,DK0 0
way/1280840212-380,DE0 0
way/1280843651-380,DE0 0
way/1282733005-380,DE0 24
way/1284726676-400,DK0 0
way/1303270458-380,DE0 0
way/130794504-220,DE0 0
way/131339683-400,DK0 0
way/1327333163-380,DE0 0
way/132814303-220,DE0 0
way/133082281-400,DK0 0
way/133342285-220,DE0 0
way/133537926-400,PL0 0
way/135598292-220,PL0 0
way/136034396-380,DE0 0
way/137197826-380,DE0 25
way/137602559-380,DE0 0
way/139452056-400,PL0 0
way/143854536-380,DE0 0
way/143882655-380,DE0 26
way/143903369-380,DE0 0
way/144646702-400,PL0 0
way/145002769-380,DE0 0
way/145037309-220,PL0 0
way/145680894-220,DE0 0
way/146962222-220,DE0 0
way/147521567-380,DE0 0
way/148060965-400,PL0 0
way/148197330-220,PL0 0
way/148446247-380,DE0 0
way/149256409-380,DE0 27
way/149306820-400,CZ0 0
way/149987048-380,DE0 0
way/150200540-380,DE0 0
way/151967290-380,DE0 0
way/151967291-380,DE0 0
way/152018146-380,DE0 0
way/152107815-380,DE0 0
way/152261133-380,DE0 0
way/152403632-380,DE0 0
way/152924498-380,DE0 0
way/152924508-220,DE0 0
way/152973139-380,DE0 0
way/153838553-220,PL0 0
way/154510504-400,PL0 0
way/154838041-400,PL0 0
way/154894455-400,PL0 0
way/156402422-220,DE0 0
way/156673636-380,DE0 0
way/156673637-380,DE0 28
way/156676050-220,DE0 0
way/156960655-380,DE0 0
way/157164284-220,DE0 29
way/157328339-380,DE0 30
way/157806991-380,DE0 31
way/158232924-220,PL0 0
way/160584794-380,DE0 0
way/160792651-400,DK0 0
way/160929097-220,DE0 0
way/166710856-400,PL0 0
way/166838338-400,PL0 0
way/167352587-220,DE0 32
way/169244940-380,DE0 0
way/170123812-400,DE0 33
way/170249563-220,PL0 0
way/170316833-220,PL0 0
way/170368942-220,PL0 0
way/171383831-220,PL0 0
way/171917072-400,PL0 0
way/173582810-400,PL0 0
way/173663820-400,DK0 0
way/174152948-400,CZ0 0
way/175406958-400,PL0 0
way/177749653-220,PL0 0
way/178756295-220,PL0 0
way/178838661-400,PL0 0
way/180535363-220,PL0 0
way/180542657-400,PL0 0
way/183945016-220,PL0 0
way/184899160-220,PL0 0
way/185454704-220,PL0 0
way/185459155-220,PL0 0
way/18629425-380,DE0 0
way/189501431-400,PL0 0
way/189851841-220,PL0 0
way/191035265-220,PL0 0
way/191352746-220,PL0 0
way/194903381-400,PL0 0
way/197827799-400,CZ0 0
way/198448981-380,DE0 0
way/199098050-400,PL0 0
way/199098053-400,PL0 0
way/199098055-220,PL0 0
way/202747445-380,DE0 0
way/206289192-380,DE0 0
way/207248812-380,DE0 0
way/215282393-400,PL0 0
way/216975352-220,PL0 0
way/217899005-220,PL0 0
way/22720647-380,DE0 0
way/22761692-380,DE0 0
way/22761839-380,DE0 0
way/22765517-380,DE0 0
way/22766160-380,DE0 0
way/22767509-380,DE0 0
way/22796434-220,DE0 0
way/228154083-220,PL0 0
way/22944791-220,DE0 0
way/22960899-380,DE0 0
way/22964137-380,DE0 0
way/22973052-220,DE0 34
way/23022100-380,DE0 0
way/23067006-380,DE0 0
way/23084554-380,DE0 0
way/23192640-220,DE0 0
way/23284340-380,DE0 0
way/23380800-380,DE0 0
way/234171369-380,DE0 35
way/23583867-380,DE0 36
way/23641079-380,DE0 0
way/23744346-220,DE0 0
way/238640596-400,PL0 0
way/23899043-380,DE0 0
way/24042358-380,DE0 0
way/24158385-220,DE0 0
way/241842600-400,PL0 0
way/24230738-380,DE0 0
way/24237879-220,DE0 0
way/24258096-380,DE0 0
way/24262656-380,DE0 0
way/24267175-220,DE0 0
way/24272339-380,DE0 0
way/24413992-380,DE0 0
way/24462426-380,DE0 0
way/24478889-380,DE0 0
way/24479003-380,DE0 0
way/24479984-380,DE0 0
way/24493551-380,DE0 0
way/24502420-380,DE0 0
way/24604789-380,DE0 0
way/24667346-380,DE0 0
way/24685992-380,DE0 0
way/24705761-380,DE0 0
way/24757392-380,DE0 0
way/24757393-380,DE0 0
way/24757833-380,DE0 0
way/24758329-380,DE0 0
way/24759324-220,DE0 0
way/24765111-220,DE0 0
way/24768051-220,DE0 0
way/24799890-380,DE0 0
way/24839976-380,DE0 0
way/24921206-380,DE0 0
way/24976300-380,DE0 0
way/25051880-220,DE0 0
way/251239544-400,PL0 0
way/25306752-380,DE0 0
way/25306938-380,DE0 0
way/254235846-400,PL0 0
way/254938713-400,PL0 0
way/255232597-220,PL0 0
way/255277953-400,PL0 0
way/255293400-400,PL0 0
way/255293403-400,PL0 0
way/255314292-400,PL0 0
way/255972326-400,PL0 0
way/255973806-400,PL0 0
way/25746125-380,DE0 37
way/25786404-380,DE0 0
way/25943440-380,DE0 0
way/259561755-380,DE0 0
way/26143409-400,CZ0 0
way/26245195-380,DE0 0
way/26260052-380,DE0 0
way/26383042-380,DE0 0
way/26404600-380,DE0 0
way/26452107-400,DK0 0
way/26472665-380,DE0 38
way/26474759-380,DE0 0
way/26593929-380,DE0 0
way/266684854-380,DE0 0
way/26927264-380,DE0 0
way/26931725-400,DK0 0
way/26953215-400,DK0 0
way/27124619-220,DE0 0
way/27149550-380,DE0 39
way/274603394-380,DE0 40
way/274621059-220,DE0 0
way/274630377-380,DE0 0
way/275466323-380,DE0 0
way/276291999-400,PL0 0
way/27646106-220,DE0 0
way/27739871-380,DE0 0
way/27849030-400,CZ0 0
way/27867392-400,CZ0 0
way/27871140-220,DE0 0
way/27919734-380,DE0 0
way/28008024-220,DE0 0
way/28099187-400,CZ0 0
way/28268556-400,CZ0 0
way/28327356-380,DE0 0
way/28343121-380,DE0 0
way/28348269-220,CZ0 0
way/28349754-400,CZ0 0
way/28382372-400,CZ0 0
way/28397771-220,DE0 0
way/28452784-220,DE0 0
way/28457258-400,CZ0 0
way/28468576-400,CZ0 0
way/28469397-400,CZ0 0
way/28470958-400,CZ0 0
way/28475691-400,CZ0 0
way/28476742-400,CZ0 0
way/28477054-400,CZ0 0
way/28478409-400,CZ0 0
way/28478418-220,CZ0 0
way/28479110-400,CZ0 0
way/28479829-400,CZ0 0
way/28613721-380,DE0 0
way/28622657-220,CZ0 0
way/28622793-400,CZ0 0
way/28624004-220,CZ0 0
way/28624204-400,CZ0 0
way/28624926-400,CZ0 0
way/28625556-400,CZ0 0
way/28626812-400,CZ0 0
way/28628927-400,CZ0 0
way/28729619-380,DE0 41
way/28812249-220,DE0 0
way/28956649-380,DE0 0
way/289836713-380,DE0 0
way/29077623-380,DE0 0
way/29098336-220,PL0 0
way/29115701-220,PL0 0
way/291375946-220,PL0 0
way/29139402-220,PL0 0
way/29309786-380,DE0 0
way/29331499-380,DE0 42
way/293484891-400,PL0 0
way/293484894-220,PL0 0
way/293489607-400,PL0 0
way/29374542-220,DE0 0
way/29472852-380,DE0 0
way/29713902-380,DE0 43
way/30017786-220,DE0 0
way/30039908-380,DE0 44
way/30040568-380,DE0 45
way/301158539-400,DK0 0
way/30132758-380,DE0 46
way/30164703-380,DE0 47
way/30303506-380,DE0 48
way/30613895-380,DE0 0
way/30954714-380,DE0 49
way/31024391-380,DE0 0
way/31105067-380,DE0 0
way/31131320-380,DE0 0
way/31131325-380,DE0 0
way/31367936-220,DE0 0
way/31367940-380,DE0 0
way/31653753-380,DE0 0
way/31762305-220,DE0 0
way/32036484-400,PL0 0
way/32042992-380,DE0 0
way/32063539-380,DE0 50
way/32076853-380,DE0 0
way/32151621-220,DE0 0
way/32318130-220,DE0 51
way/32472806-380,DE0 0
way/32690742-380,DE0 52
way/32725957-220,DE0 0
way/32904794-380,DE0 0
way/32943179-400,PL0 0
way/32966636-220,DE0 0
way/33042984-220,DE0 0
way/33169401-380,DE0 53
way/33411203-380,DE0 0
way/336990960-220,PL0 0
way/33816726-380,DE0 0
way/35176751-380,DE0 0
way/35366436-220,PL0 0
way/35763480-380,DE0 0
way/363872597-400,PL0 0
way/373967500-380,DE0 0
way/37554416-220,DE0 0
way/37721677-380,DE0 0
way/37764852-380,DE0 0
way/38325076-380,DE0 0
way/385098015-400,PL0 0
way/385118244-400,PL0 0
way/385539724-220,PL0 0
way/38584673-220,DE0 0
way/38661452-380,DE0 0
way/39428977-400,PL0 0
way/395847307-380,DE0 0
way/39688875-220,DE0 54
way/398680313-380,DE0 55
way/40062974-220,PL0 0
way/409305507-220,DE0 0
way/40946784-400,PL0 0
way/40946790-220,PL0 0
way/41232144-380,DE0 0
way/41334805-380,DE0 0
way/41389594-380,DE0 0
way/414169327-380,DE0 56
way/42050342-380,DE0 0
way/42097854-380,DE0 0
way/42128776-400,DK0 0
way/42372159-380,DE0 0
way/42410916-380,DE0 0
way/42423415-380,DE0 0
way/42488850-380,DE0 0
way/42507488-380,DE0 0
way/42560068-380,DE0 0
way/42681484-380,DE0 0
way/42797575-380,DE0 0
way/42799487-380,DE0 0
way/42861703-380,DE0 0
way/43163132-380,DE0 57
way/43688805-380,DE0 0
way/442199284-380,DE0 58
way/44389929-220,PL0 0
way/449010725-380,DE0 0
way/456386244-380,DE0 0
way/46092396-400,PL0 0
way/46235456-400,PL0 0
way/46584363-380,DE0 0
way/46615737-380,DE0 59
way/48057110-380,DE0 0
way/48428875-380,DE0 0
way/49577401-380,DE0 0
way/499165542-380,DE0 0
way/50898216-380,DE0 0
way/515358077-380,DE0 60
way/517421342-380,DE0 61
way/518455594-380,DE0 62
way/525964629-380,DE0 0
way/53378027-380,DE0 0
way/534238983-400,PL0 0
way/54359256-380,DE0 0
way/55069713-380,DE0 0
way/559702819-380,DE0 0
way/57727004-380,DE0 0
way/59026005-380,DE0 63
way/59707532-380,DE0 64
way/59925390-380,DE0 0
way/60032354-220,DE0 0
way/600395952-380,DE0 0
way/603661085-380,DE0 0
way/61918154-380,DE0 0
way/63114179-380,DE0 0
way/66038431-220,DE0 0
way/66051759-220,PL0 0
way/66161634-400,PL0 0
way/66764943-220,DE0 0
way/668348943-220,PL0 0
way/672738029-220,DE0 0
way/681264796-400,PL0 0
way/683227471-380,DE0 0
way/68549340-380,DE0 0
way/693112798-400,CZ0 0
way/69412925-400,DK0 0
way/69424173-400,DK0 0
way/726776987-220,PL0 0
way/72879943-220,PL0 0
way/76246159-380,DE0 0
way/77038371-380,DE0 0
way/77694901-220,DE0 0
way/77697810-380,DE0 0
way/78441561-380,DE0 0
way/79033485-400,PL0 0
way/796306640-380,DE0 0
way/797009308-380,DE0 0
way/810315511-380,DE0 0
way/82773910-400,DE0 0
way/829116805-380,DE0 0
way/851299584-380,DE0 65
way/85523877-380,DE0 0
way/86494356-400,PL0 0
way/871646309-380,DE0 0
way/87653464-400,DE0 0
way/87667718-220,PL0 0
way/87722999-380,DE0 0
way/87767098-380,DE0 0
way/883768276-380,DE0 0
way/883768277-380,DE0 0
way/883928228-380,DE0 0
way/883928229-380,DE0 0
way/88544449-220,PL0 0
way/889061694-220,DK0 0
way/88945213-380,DE0 0
way/89043564-380,DE0 0
way/89176939-220,DE0 0
way/89176956-220,DE0 0
way/89215122-220,DE0 0
way/90148336-220,DE0 0
way/907539360-380,DE0 0
way/91384044-400,PL0 0
way/91854336-380,DE0 0
way/92165128-380,DE0 0
way/93278553-220,DE0 0
way/93341407-380,DE0 0
way/940922557-380,DE0 66
way/941198517-380,DE0 67
way/941453716-380,DE0 68
way/941805476-380,DE0 69
way/942771541-380,DE0 70
way/943135226-380,DE0 71
way/943939310-380,DE0 72
way/946025110-380,DE0 73
way/946206351-380,DE0 74
way/946710698-220,DE0 75
way/946969736-380,DE0 0
way/947118608-380,DE0 76
way/948341123-380,DE0 77
way/951273401-380,DE0 0
way/951773852-380,DE0 0
way/952004951-380,DE0 0
way/952346322-380,DE0 0
way/953015049-380,DE0 0
way/953757606-380,DE0 0
way/953757608-380,DE0 0
way/954971276-220,DE0 0
way/955268863-380,DE0 0
way/95713495-400,DK0 0
way/957746797-380,DE0 0
way/95840891-400,DK0 0
way/95868396-400,DK0 0
way/97825259-380,DE0 0
way/979801144-380,DE0 0
way/98033206-400,DK0 0
way/98524305-400,DK0 0
way/98526640-400,DK0 0
way/98634956-220,PL0 0
way/99593626-400,PL0 0
